caseId,docketId,caseIssuesId,voteId,dateDecision,decisionType,usCite,sctCite,ledCite,lexisCite,term,naturalCourt,chief,docket,caseName,dateArgument,dateRearg,petitioner,petitionerState,respondent,respondentState,jurisdiction,adminAction,adminActionState,threeJudgeFdc,caseOrigin,caseOriginState,caseSource,caseSourceState,lcDisagreement,certReason,lcDisposition,lcDispositionDirection,declarationUncon,caseDisposition,caseDispositionUnusual,partyWinning,precedentAlteration,voteUnclear,issue,issueArea,decisionDirection,decisionDirectionDissent,authorityDecision1,authorityDecision2,lawType,lawSupp,lawMinor,majOpinWriter,majOpinAssigner,splitVote,majVotes,minVotes,justice,justiceName,vote,opinion,direction,majority,firstAgreement,secondAgreement
1988-068,1988-068-01,1988-068-01-01,1988-068-01-01-01-01,4/3/1989,1,490 U.S. 30,109 S. Ct. 1597,104 L. Ed. 2d 29,1989 U.S. LEXIS 1791,1988,1603,Rehnquist,87-980,MISSISSIPPI BAND OF CHOCTAW INDIANS v. HOLYFIELD et al.,1/11/1989,,170,,202,,1,,,0,302,29,300,29,0,5,2,1,1,4,0,1,0,0,20160,2,2,0,4,,6,600,25 U.S.C. § 1911,92,92,1,6,3,98,TMarshall,1,1,2,2,,
1988-068,1988-068-01,1988-068-01-01,1988-068-01-01-01-02,4/3/1989,1,490 U.S. 30,109 S. Ct. 1597,104 L. Ed. 2d 29,1989 U.S. LEXIS 1791,1988,1603,Rehnquist,87-980,MISSISSIPPI BAND OF CHOCTAW INDIANS v. HOLYFIELD et al.,1/11/1989,,170,,202,,1,,,0,302,29,300,29,0,5,2,1,1,4,0,1,0,0,20160,2,2,0,4,,6,600,25 U.S.C. § 1911,92,92,1,6,3,92,WJBrennan,1,2,2,2,,
1988-068,1988-068-01,1988-068-01-01,1988-068-01-01-01-03,4/3/1989,1,490 U.S. 30,109 S. Ct. 1597,104 L. Ed. 2d 29,1989 U.S. LEXIS 1791,1988,1603,Rehnquist,87-980,MISSISSIPPI BAND OF CHOCTAW INDIANS v. HOLYFIELD et al.,1/11/1989,,170,,202,,1,,,0,302,29,300,29,0,5,2,1,1,4,0,1,0,0,20160,2,2,0,4,,6,600,25 U.S.C. § 1911,92,92,1,6,3,95,BRWhite,1,1,2,2,,
1988-068,1988-068-01,1988-068-01-01,1988-068-01-01-01-04,4/3/1989,1,490 U.S. 30,109 S. Ct. 1597,104 L. Ed. 2d 29,1989 U.S. LEXIS 1791,1988,1603,Rehnquist,87-980,MISSISSIPPI BAND OF CHOCTAW INDIANS v. HOLYFIELD et al.,1/11/1989,,170,,202,,1,,,0,302,29,300,29,0,5,2,1,1,4,0,1,0,0,20160,2,2,0,4,,6,600,25 U.S.C. § 1911,92,92,1,6,3,100,HABlackmun,1,1,2,2,,
1988-068,1988-068-01,1988-068-01-01,1988-068-01-01-01-05,4/3/1989,1,490 U.S. 30,109 S. Ct. 1597,104 L. Ed. 2d 29,1989 U.S. LEXIS 1791,1988,1603,Rehnquist,87-980,MISSISSIPPI BAND OF CHOCTAW INDIANS v. HOLYFIELD et al.,1/11/1989,,170,,202,,1,,,0,302,29,300,29,0,5,2,1,1,4,0,1,0,0,20160,2,2,0,4,,6,600,25 U.S.C. § 1911,92,92,1,6,3,102,WHRehnquist,2,1,1,1,103,
1988-068,1988-068-01,1988-068-01-01,1988-068-01-01-01-06,4/3/1989,1,490 U.S. 30,109 S. Ct. 1597,104 L. Ed. 2d 29,1989 U.S. LEXIS 1791,1988,1603,Rehnquist,87-980,MISSISSIPPI BAND OF CHOCTAW INDIANS v. HOLYFIELD et al.,1/11/1989,,170,,202,,1,,,0,302,29,300,29,0,5,2,1,1,4,0,1,0,0,20160,2,2,0,4,,6,600,25 U.S.C. § 1911,92,92,1,6,3,103,JPStevens,2,2,1,1,,
1988-068,1988-068-01,1988-068-01-01,1988-068-01-01-01-07,4/3/1989,1,490 U.S. 30,109 S. Ct. 1597,104 L. Ed. 2d 29,1989 U.S. LEXIS 1791,1988,1603,Rehnquist,87-980,MISSISSIPPI BAND OF CHOCTAW INDIANS v. HOLYFIELD et al.,1/11/1989,,170,,202,,1,,,0,302,29,300,29,0,5,2,1,1,4,0,1,0,0,20160,2,2,0,4,,6,600,25 U.S.C. § 1911,92,92,1,6,3,104,SDOConnor,1,1,2,2,,
1988-068,1988-068-01,1988-068-01-01,1988-068-01-01-01-08,4/3/1989,1,490 U.S. 30,109 S. Ct. 1597,104 L. Ed. 2d 29,1989 U.S. LEXIS 1791,1988,1603,Rehnquist,87-980,MISSISSIPPI BAND OF CHOCTAW INDIANS v. HOLYFIELD et al.,1/11/1989,,170,,202,,1,,,0,302,29,300,29,0,5,2,1,1,4,0,1,0,0,20160,2,2,0,4,,6,600,25 U.S.C. § 1911,92,92,1,6,3,105,AScalia,1,1,2,2,,
1988-068,1988-068-01,1988-068-01-01,1988-068-01-01-01-09,4/3/1989,1,490 U.S. 30,109 S. Ct. 1597,104 L. Ed. 2d 29,1989 U.S. LEXIS 1791,1988,1603,Rehnquist,87-980,MISSISSIPPI BAND OF CHOCTAW INDIANS v. HOLYFIELD et al.,1/11/1989,,170,,202,,1,,,0,302,29,300,29,0,5,2,1,1,4,0,1,0,0,20160,2,2,0,4,,6,600,25 U.S.C. § 1911,92,92,1,6,3,106,AMKennedy,2,1,1,1,103,
1988-069,1988-069-01,1988-069-01-01,1988-069-01-01-01-01,4/3/1989,1,490 U.S. 66,109 S. Ct. 1617,104 L. Ed. 2d 58,1989 U.S. LEXIS 1738,1988,1603,Rehnquist,87-453,"AMERADA HESS CORP. et al. v. DIRECTOR, DIVISION OF TAXATION, NEW JERSEY DEPARTMENT OF THE TREASURY",11/29/1988,,198,,7,35,2,117,35,0,302,35,300,35,0,1,3,2,1,2,0,0,0,0,80100,8,2,0,2,,1,111,,100,102,1,8,0,98,TMarshall,1,1,2,2,,
1988-069,1988-069-01,1988-069-01-01,1988-069-01-01-01-02,4/3/1989,1,490 U.S. 66,109 S. Ct. 1617,104 L. Ed. 2d 58,1989 U.S. LEXIS 1738,1988,1603,Rehnquist,87-453,"AMERADA HESS CORP. et al. v. DIRECTOR, DIVISION OF TAXATION, NEW JERSEY DEPARTMENT OF THE TREASURY",11/29/1988,,198,,7,35,2,117,35,0,302,35,300,35,0,1,3,2,1,2,0,0,0,0,80100,8,2,0,2,,1,111,,100,102,1,8,0,92,WJBrennan,1,1,2,2,,
1988-069,1988-069-01,1988-069-01-01,1988-069-01-01-01-03,4/3/1989,1,490 U.S. 66,109 S. Ct. 1617,104 L. Ed. 2d 58,1989 U.S. LEXIS 1738,1988,1603,Rehnquist,87-453,"AMERADA HESS CORP. et al. v. DIRECTOR, DIVISION OF TAXATION, NEW JERSEY DEPARTMENT OF THE TREASURY",11/29/1988,,198,,7,35,2,117,35,0,302,35,300,35,0,1,3,2,1,2,0,0,0,0,80100,8,2,0,2,,1,111,,100,102,1,8,0,95,BRWhite,1,1,2,2,,
1988-069,1988-069-01,1988-069-01-01,1988-069-01-01-01-04,4/3/1989,1,490 U.S. 66,109 S. Ct. 1617,104 L. Ed. 2d 58,1989 U.S. LEXIS 1738,1988,1603,Rehnquist,87-453,"AMERADA HESS CORP. et al. v. DIRECTOR, DIVISION OF TAXATION, NEW JERSEY DEPARTMENT OF THE TREASURY",11/29/1988,,198,,7,35,2,117,35,0,302,35,300,35,0,1,3,2,1,2,0,0,0,0,80100,8,2,0,2,,1,111,,100,102,1,8,0,100,HABlackmun,1,2,2,2,,
1988-069,1988-069-01,1988-069-01-01,1988-069-01-01-01-05,4/3/1989,1,490 U.S. 66,109 S. Ct. 1617,104 L. Ed. 2d 58,1989 U.S. LEXIS 1738,1988,1603,Rehnquist,87-453,"AMERADA HESS CORP. et al. v. DIRECTOR, DIVISION OF TAXATION, NEW JERSEY DEPARTMENT OF THE TREASURY",11/29/1988,,198,,7,35,2,117,35,0,302,35,300,35,0,1,3,2,1,2,0,0,0,0,80100,8,2,0,2,,1,111,,100,102,1,8,0,102,WHRehnquist,1,1,2,2,,
1988-069,1988-069-01,1988-069-01-01,1988-069-01-01-01-06,4/3/1989,1,490 U.S. 66,109 S. Ct. 1617,104 L. Ed. 2d 58,1989 U.S. LEXIS 1738,1988,1603,Rehnquist,87-453,"AMERADA HESS CORP. et al. v. DIRECTOR, DIVISION OF TAXATION, NEW JERSEY DEPARTMENT OF THE TREASURY",11/29/1988,,198,,7,35,2,117,35,0,302,35,300,35,0,1,3,2,1,2,0,0,0,0,80100,8,2,0,2,,1,111,,100,102,1,8,0,103,JPStevens,1,1,2,2,,
1988-069,1988-069-01,1988-069-01-01,1988-069-01-01-01-07,4/3/1989,1,490 U.S. 66,109 S. Ct. 1617,104 L. Ed. 2d 58,1989 U.S. LEXIS 1738,1988,1603,Rehnquist,87-453,"AMERADA HESS CORP. et al. v. DIRECTOR, DIVISION OF TAXATION, NEW JERSEY DEPARTMENT OF THE TREASURY",11/29/1988,,198,,7,35,2,117,35,0,302,35,300,35,0,1,3,2,1,2,0,0,0,0,80100,8,2,0,2,,1,111,,100,102,1,8,0,104,SDOConnor,,,,,,
1988-069,1988-069-01,1988-069-01-01,1988-069-01-01-01-08,4/3/1989,1,490 U.S. 66,109 S. Ct. 1617,104 L. Ed. 2d 58,1989 U.S. LEXIS 1738,1988,1603,Rehnquist,87-453,"AMERADA HESS CORP. et al. v. DIRECTOR, DIVISION OF TAXATION, NEW JERSEY DEPARTMENT OF THE TREASURY",11/29/1988,,198,,7,35,2,117,35,0,302,35,300,35,0,1,3,2,1,2,0,0,0,0,80100,8,2,0,2,,1,111,,100,102,1,8,0,105,AScalia,4,2,2,2,,
1988-069,1988-069-01,1988-069-01-01,1988-069-01-01-01-09,4/3/1989,1,490 U.S. 66,109 S. Ct. 1617,104 L. Ed. 2d 58,1989 U.S. LEXIS 1738,1988,1603,Rehnquist,87-453,"AMERADA HESS CORP. et al. v. DIRECTOR, DIVISION OF TAXATION, NEW JERSEY DEPARTMENT OF THE TREASURY",11/29/1988,,198,,7,35,2,117,35,0,302,35,300,35,0,1,3,2,1,2,0,0,0,0,80100,8,2,0,2,,1,111,,100,102,1,8,0,106,AMKennedy,1,1,2,2,,
1988-070,1988-070-01,1988-070-01-01,1988-070-01-01-01-01,4/3/1989,1,490 U.S. 82,109 S. Ct. 1626,104 L. Ed. 2d 73,1989 U.S. LEXIS 1740,1988,1603,Rehnquist,87-1865,"FEDERAL SAVINGS AND LOAN INSURANCE CORPORATION, AS RECEIVER FOR MANNING SAVINGS AND LOAN ASSOCIATION v. TICKTIN et al.",2/27/1989,,356,,185,,1,46,,0,66,,27,,0,10,3,1,1,3,0,1,0,0,90320,9,2,0,4,,6,600,28 U.S.C. § 1345,103,102,1,9,0,98,TMarshall,1,1,2,2,,
1988-070,1988-070-01,1988-070-01-01,1988-070-01-01-01-02,4/3/1989,1,490 U.S. 82,109 S. Ct. 1626,104 L. Ed. 2d 73,1989 U.S. LEXIS 1740,1988,1603,Rehnquist,87-1865,"FEDERAL SAVINGS AND LOAN INSURANCE CORPORATION, AS RECEIVER FOR MANNING SAVINGS AND LOAN ASSOCIATION v. TICKTIN et al.",2/27/1989,,356,,185,,1,46,,0,66,,27,,0,10,3,1,1,3,0,1,0,0,90320,9,2,0,4,,6,600,28 U.S.C. § 1345,103,102,1,9,0,92,WJBrennan,1,1,2,2,,
1988-070,1988-070-01,1988-070-01-01,1988-070-01-01-01-03,4/3/1989,1,490 U.S. 82,109 S. Ct. 1626,104 L. Ed. 2d 73,1989 U.S. LEXIS 1740,1988,1603,Rehnquist,87-1865,"FEDERAL SAVINGS AND LOAN INSURANCE CORPORATION, AS RECEIVER FOR MANNING SAVINGS AND LOAN ASSOCIATION v. TICKTIN et al.",2/27/1989,,356,,185,,1,46,,0,66,,27,,0,10,3,1,1,3,0,1,0,0,90320,9,2,0,4,,6,600,28 U.S.C. § 1345,103,102,1,9,0,95,BRWhite,1,1,2,2,,
1988-070,1988-070-01,1988-070-01-01,1988-070-01-01-01-04,4/3/1989,1,490 U.S. 82,109 S. Ct. 1626,104 L. Ed. 2d 73,1989 U.S. LEXIS 1740,1988,1603,Rehnquist,87-1865,"FEDERAL SAVINGS AND LOAN INSURANCE CORPORATION, AS RECEIVER FOR MANNING SAVINGS AND LOAN ASSOCIATION v. TICKTIN et al.",2/27/1989,,356,,185,,1,46,,0,66,,27,,0,10,3,1,1,3,0,1,0,0,90320,9,2,0,4,,6,600,28 U.S.C. § 1345,103,102,1,9,0,100,HABlackmun,1,1,2,2,,
1988-070,1988-070-01,1988-070-01-01,1988-070-01-01-01-05,4/3/1989,1,490 U.S. 82,109 S. Ct. 1626,104 L. Ed. 2d 73,1989 U.S. LEXIS 1740,1988,1603,Rehnquist,87-1865,"FEDERAL SAVINGS AND LOAN INSURANCE CORPORATION, AS RECEIVER FOR MANNING SAVINGS AND LOAN ASSOCIATION v. TICKTIN et al.",2/27/1989,,356,,185,,1,46,,0,66,,27,,0,10,3,1,1,3,0,1,0,0,90320,9,2,0,4,,6,600,28 U.S.C. § 1345,103,102,1,9,0,102,WHRehnquist,1,1,2,2,,
1988-070,1988-070-01,1988-070-01-01,1988-070-01-01-01-06,4/3/1989,1,490 U.S. 82,109 S. Ct. 1626,104 L. Ed. 2d 73,1989 U.S. LEXIS 1740,1988,1603,Rehnquist,87-1865,"FEDERAL SAVINGS AND LOAN INSURANCE CORPORATION, AS RECEIVER FOR MANNING SAVINGS AND LOAN ASSOCIATION v. TICKTIN et al.",2/27/1989,,356,,185,,1,46,,0,66,,27,,0,10,3,1,1,3,0,1,0,0,90320,9,2,0,4,,6,600,28 U.S.C. § 1345,103,102,1,9,0,103,JPStevens,1,2,2,2,,
1988-070,1988-070-01,1988-070-01-01,1988-070-01-01-01-07,4/3/1989,1,490 U.S. 82,109 S. Ct. 1626,104 L. Ed. 2d 73,1989 U.S. LEXIS 1740,1988,1603,Rehnquist,87-1865,"FEDERAL SAVINGS AND LOAN INSURANCE CORPORATION, AS RECEIVER FOR MANNING SAVINGS AND LOAN ASSOCIATION v. TICKTIN et al.",2/27/1989,,356,,185,,1,46,,0,66,,27,,0,10,3,1,1,3,0,1,0,0,90320,9,2,0,4,,6,600,28 U.S.C. § 1345,103,102,1,9,0,104,SDOConnor,1,1,2,2,,
1988-070,1988-070-01,1988-070-01-01,1988-070-01-01-01-08,4/3/1989,1,490 U.S. 82,109 S. Ct. 1626,104 L. Ed. 2d 73,1989 U.S. LEXIS 1740,1988,1603,Rehnquist,87-1865,"FEDERAL SAVINGS AND LOAN INSURANCE CORPORATION, AS RECEIVER FOR MANNING SAVINGS AND LOAN ASSOCIATION v. TICKTIN et al.",2/27/1989,,356,,185,,1,46,,0,66,,27,,0,10,3,1,1,3,0,1,0,0,90320,9,2,0,4,,6,600,28 U.S.C. § 1345,103,102,1,9,0,105,AScalia,1,1,2,2,,
1988-070,1988-070-01,1988-070-01-01,1988-070-01-01-01-09,4/3/1989,1,490 U.S. 82,109 S. Ct. 1626,104 L. Ed. 2d 73,1989 U.S. LEXIS 1740,1988,1603,Rehnquist,87-1865,"FEDERAL SAVINGS AND LOAN INSURANCE CORPORATION, AS RECEIVER FOR MANNING SAVINGS AND LOAN ASSOCIATION v. TICKTIN et al.",2/27/1989,,356,,185,,1,46,,0,66,,27,,0,10,3,1,1,3,0,1,0,0,90320,9,2,0,4,,6,600,28 U.S.C. § 1345,103,102,1,9,0,106,AMKennedy,1,1,2,2,,
1988-071,1988-071-01,1988-071-01-01,1988-071-01-01-01-01,4/17/1989,2,490 U.S. 89,109 S. Ct. 1629,104 L. Ed. 2d 80,1989 U.S. LEXIS 1901,1988,1603,Rehnquist,88-6494,WRENN v. BENSON et al.,,,213,,20,60,1,,,0,,,,,0,,,1,1,9,0,0,0,0,20350,2,1,0,3,4,4,403,,,102,1,6,3,98,TMarshall,2,1,2,1,92,
1988-071,1988-071-01,1988-071-01-01,1988-071-01-01-01-02,4/17/1989,2,490 U.S. 89,109 S. Ct. 1629,104 L. Ed. 2d 80,1989 U.S. LEXIS 1901,1988,1603,Rehnquist,88-6494,WRENN v. BENSON et al.,,,213,,20,60,1,,,0,,,,,0,,,1,1,9,0,0,0,0,20350,2,1,0,3,4,4,403,,,102,1,6,3,92,WJBrennan,2,2,2,1,,
1988-071,1988-071-01,1988-071-01-01,1988-071-01-01-01-03,4/17/1989,2,490 U.S. 89,109 S. Ct. 1629,104 L. Ed. 2d 80,1989 U.S. LEXIS 1901,1988,1603,Rehnquist,88-6494,WRENN v. BENSON et al.,,,213,,20,60,1,,,0,,,,,0,,,1,1,9,0,0,0,0,20350,2,1,0,3,4,4,403,,,102,1,6,3,95,BRWhite,1,1,1,2,,
1988-071,1988-071-01,1988-071-01-01,1988-071-01-01-01-04,4/17/1989,2,490 U.S. 89,109 S. Ct. 1629,104 L. Ed. 2d 80,1989 U.S. LEXIS 1901,1988,1603,Rehnquist,88-6494,WRENN v. BENSON et al.,,,213,,20,60,1,,,0,,,,,0,,,1,1,9,0,0,0,0,20350,2,1,0,3,4,4,403,,,102,1,6,3,100,HABlackmun,1,1,1,2,,
1988-071,1988-071-01,1988-071-01-01,1988-071-01-01-01-05,4/17/1989,2,490 U.S. 89,109 S. Ct. 1629,104 L. Ed. 2d 80,1989 U.S. LEXIS 1901,1988,1603,Rehnquist,88-6494,WRENN v. BENSON et al.,,,213,,20,60,1,,,0,,,,,0,,,1,1,9,0,0,0,0,20350,2,1,0,3,4,4,403,,,102,1,6,3,102,WHRehnquist,1,1,1,2,,
1988-071,1988-071-01,1988-071-01-01,1988-071-01-01-01-06,4/17/1989,2,490 U.S. 89,109 S. Ct. 1629,104 L. Ed. 2d 80,1989 U.S. LEXIS 1901,1988,1603,Rehnquist,88-6494,WRENN v. BENSON et al.,,,213,,20,60,1,,,0,,,,,0,,,1,1,9,0,0,0,0,20350,2,1,0,3,4,4,403,,,102,1,6,3,103,JPStevens,2,2,2,1,,
1988-071,1988-071-01,1988-071-01-01,1988-071-01-01-01-07,4/17/1989,2,490 U.S. 89,109 S. Ct. 1629,104 L. Ed. 2d 80,1989 U.S. LEXIS 1901,1988,1603,Rehnquist,88-6494,WRENN v. BENSON et al.,,,213,,20,60,1,,,0,,,,,0,,,1,1,9,0,0,0,0,20350,2,1,0,3,4,4,403,,,102,1,6,3,104,SDOConnor,1,1,1,2,,
1988-071,1988-071-01,1988-071-01-01,1988-071-01-01-01-08,4/17/1989,2,490 U.S. 89,109 S. Ct. 1629,104 L. Ed. 2d 80,1989 U.S. LEXIS 1901,1988,1603,Rehnquist,88-6494,WRENN v. BENSON et al.,,,213,,20,60,1,,,0,,,,,0,,,1,1,9,0,0,0,0,20350,2,1,0,3,4,4,403,,,102,1,6,3,105,AScalia,1,1,1,2,,
1988-071,1988-071-01,1988-071-01-01,1988-071-01-01-01-09,4/17/1989,2,490 U.S. 89,109 S. Ct. 1629,104 L. Ed. 2d 80,1989 U.S. LEXIS 1901,1988,1603,Rehnquist,88-6494,WRENN v. BENSON et al.,,,213,,20,60,1,,,0,,,,,0,,,1,1,9,0,0,0,0,20350,2,1,0,3,4,4,403,,,102,1,6,3,106,AMKennedy,1,1,1,2,,
1988-072,1988-072-01,1988-072-01-01,1988-072-01-01-01-01,4/18/1989,1,490 U.S. 93,109 S. Ct. 1661,104 L. Ed. 2d 86,1989 U.S. LEXIS 2024,1988,1603,Rehnquist,87-1862,CALIFORNIA et al. v. ARC AMERICA CORP. et al.,2/27/1989,,28,6,123,,2,,,0,45,,29,,0,1,2,2,1,3,0,1,0,0,100030,10,1,0,7,,,,,95,102,1,7,0,98,TMarshall,1,1,1,2,,
1988-072,1988-072-01,1988-072-01-01,1988-072-01-01-01-02,4/18/1989,1,490 U.S. 93,109 S. Ct. 1661,104 L. Ed. 2d 86,1989 U.S. LEXIS 2024,1988,1603,Rehnquist,87-1862,CALIFORNIA et al. v. ARC AMERICA CORP. et al.,2/27/1989,,28,6,123,,2,,,0,45,,29,,0,1,2,2,1,3,0,1,0,0,100030,10,1,0,7,,,,,95,102,1,7,0,92,WJBrennan,1,1,1,2,,
1988-072,1988-072-01,1988-072-01-01,1988-072-01-01-01-03,4/18/1989,1,490 U.S. 93,109 S. Ct. 1661,104 L. Ed. 2d 86,1989 U.S. LEXIS 2024,1988,1603,Rehnquist,87-1862,CALIFORNIA et al. v. ARC AMERICA CORP. et al.,2/27/1989,,28,6,123,,2,,,0,45,,29,,0,1,2,2,1,3,0,1,0,0,100030,10,1,0,7,,,,,95,102,1,7,0,95,BRWhite,1,2,1,2,,
1988-072,1988-072-01,1988-072-01-01,1988-072-01-01-01-04,4/18/1989,1,490 U.S. 93,109 S. Ct. 1661,104 L. Ed. 2d 86,1989 U.S. LEXIS 2024,1988,1603,Rehnquist,87-1862,CALIFORNIA et al. v. ARC AMERICA CORP. et al.,2/27/1989,,28,6,123,,2,,,0,45,,29,,0,1,2,2,1,3,0,1,0,0,100030,10,1,0,7,,,,,95,102,1,7,0,100,HABlackmun,1,1,1,2,,
1988-072,1988-072-01,1988-072-01-01,1988-072-01-01-01-05,4/18/1989,1,490 U.S. 93,109 S. Ct. 1661,104 L. Ed. 2d 86,1989 U.S. LEXIS 2024,1988,1603,Rehnquist,87-1862,CALIFORNIA et al. v. ARC AMERICA CORP. et al.,2/27/1989,,28,6,123,,2,,,0,45,,29,,0,1,2,2,1,3,0,1,0,0,100030,10,1,0,7,,,,,95,102,1,7,0,102,WHRehnquist,1,1,1,2,,
1988-072,1988-072-01,1988-072-01-01,1988-072-01-01-01-06,4/18/1989,1,490 U.S. 93,109 S. Ct. 1661,104 L. Ed. 2d 86,1989 U.S. LEXIS 2024,1988,1603,Rehnquist,87-1862,CALIFORNIA et al. v. ARC AMERICA CORP. et al.,2/27/1989,,28,6,123,,2,,,0,45,,29,,0,1,2,2,1,3,0,1,0,0,100030,10,1,0,7,,,,,95,102,1,7,0,103,JPStevens,,,,,,
1988-072,1988-072-01,1988-072-01-01,1988-072-01-01-01-07,4/18/1989,1,490 U.S. 93,109 S. Ct. 1661,104 L. Ed. 2d 86,1989 U.S. LEXIS 2024,1988,1603,Rehnquist,87-1862,CALIFORNIA et al. v. ARC AMERICA CORP. et al.,2/27/1989,,28,6,123,,2,,,0,45,,29,,0,1,2,2,1,3,0,1,0,0,100030,10,1,0,7,,,,,95,102,1,7,0,104,SDOConnor,,,,,,
1988-072,1988-072-01,1988-072-01-01,1988-072-01-01-01-08,4/18/1989,1,490 U.S. 93,109 S. Ct. 1661,104 L. Ed. 2d 86,1989 U.S. LEXIS 2024,1988,1603,Rehnquist,87-1862,CALIFORNIA et al. v. ARC AMERICA CORP. et al.,2/27/1989,,28,6,123,,2,,,0,45,,29,,0,1,2,2,1,3,0,1,0,0,100030,10,1,0,7,,,,,95,102,1,7,0,105,AScalia,1,1,1,2,,
1988-072,1988-072-01,1988-072-01-01,1988-072-01-01-01-09,4/18/1989,1,490 U.S. 93,109 S. Ct. 1661,104 L. Ed. 2d 86,1989 U.S. LEXIS 2024,1988,1603,Rehnquist,87-1862,CALIFORNIA et al. v. ARC AMERICA CORP. et al.,2/27/1989,,28,6,123,,2,,,0,45,,29,,0,1,2,2,1,3,0,1,0,0,100030,10,1,0,7,,,,,95,102,1,7,0,106,AMKennedy,1,1,1,2,,
1988-073,1988-073-01,1988-073-01-01,1988-073-01-01-01-01,4/18/1989,1,490 U.S. 107,109 S. Ct. 1668,104 L. Ed. 2d 98,1989 U.S. LEXIS 2027,1988,1603,Rehnquist,88-32,MASSACHUSETTS v. MORASH,2/21/1989,,28,26,151,,1,,,0,300,26,300,26,0,3,,1,1,4,0,1,0,0,80090,8,2,0,4,,3,323,,103,102,1,9,0,98,TMarshall,1,1,2,2,,
1988-073,1988-073-01,1988-073-01-01,1988-073-01-01-01-02,4/18/1989,1,490 U.S. 107,109 S. Ct. 1668,104 L. Ed. 2d 98,1989 U.S. LEXIS 2027,1988,1603,Rehnquist,88-32,MASSACHUSETTS v. MORASH,2/21/1989,,28,26,151,,1,,,0,300,26,300,26,0,3,,1,1,4,0,1,0,0,80090,8,2,0,4,,3,323,,103,102,1,9,0,92,WJBrennan,1,1,2,2,,
1988-073,1988-073-01,1988-073-01-01,1988-073-01-01-01-03,4/18/1989,1,490 U.S. 107,109 S. Ct. 1668,104 L. Ed. 2d 98,1989 U.S. LEXIS 2027,1988,1603,Rehnquist,88-32,MASSACHUSETTS v. MORASH,2/21/1989,,28,26,151,,1,,,0,300,26,300,26,0,3,,1,1,4,0,1,0,0,80090,8,2,0,4,,3,323,,103,102,1,9,0,95,BRWhite,1,1,2,2,,
1988-073,1988-073-01,1988-073-01-01,1988-073-01-01-01-04,4/18/1989,1,490 U.S. 107,109 S. Ct. 1668,104 L. Ed. 2d 98,1989 U.S. LEXIS 2027,1988,1603,Rehnquist,88-32,MASSACHUSETTS v. MORASH,2/21/1989,,28,26,151,,1,,,0,300,26,300,26,0,3,,1,1,4,0,1,0,0,80090,8,2,0,4,,3,323,,103,102,1,9,0,100,HABlackmun,1,1,2,2,,
1988-073,1988-073-01,1988-073-01-01,1988-073-01-01-01-05,4/18/1989,1,490 U.S. 107,109 S. Ct. 1668,104 L. Ed. 2d 98,1989 U.S. LEXIS 2027,1988,1603,Rehnquist,88-32,MASSACHUSETTS v. MORASH,2/21/1989,,28,26,151,,1,,,0,300,26,300,26,0,3,,1,1,4,0,1,0,0,80090,8,2,0,4,,3,323,,103,102,1,9,0,102,WHRehnquist,1,1,2,2,,
1988-073,1988-073-01,1988-073-01-01,1988-073-01-01-01-06,4/18/1989,1,490 U.S. 107,109 S. Ct. 1668,104 L. Ed. 2d 98,1989 U.S. LEXIS 2027,1988,1603,Rehnquist,88-32,MASSACHUSETTS v. MORASH,2/21/1989,,28,26,151,,1,,,0,300,26,300,26,0,3,,1,1,4,0,1,0,0,80090,8,2,0,4,,3,323,,103,102,1,9,0,103,JPStevens,1,2,2,2,,
1988-073,1988-073-01,1988-073-01-01,1988-073-01-01-01-07,4/18/1989,1,490 U.S. 107,109 S. Ct. 1668,104 L. Ed. 2d 98,1989 U.S. LEXIS 2027,1988,1603,Rehnquist,88-32,MASSACHUSETTS v. MORASH,2/21/1989,,28,26,151,,1,,,0,300,26,300,26,0,3,,1,1,4,0,1,0,0,80090,8,2,0,4,,3,323,,103,102,1,9,0,104,SDOConnor,1,1,2,2,,
1988-073,1988-073-01,1988-073-01-01,1988-073-01-01-01-08,4/18/1989,1,490 U.S. 107,109 S. Ct. 1668,104 L. Ed. 2d 98,1989 U.S. LEXIS 2027,1988,1603,Rehnquist,88-32,MASSACHUSETTS v. MORASH,2/21/1989,,28,26,151,,1,,,0,300,26,300,26,0,3,,1,1,4,0,1,0,0,80090,8,2,0,4,,3,323,,103,102,1,9,0,105,AScalia,1,1,2,2,,
1988-073,1988-073-01,1988-073-01-01,1988-073-01-01-01-09,4/18/1989,1,490 U.S. 107,109 S. Ct. 1668,104 L. Ed. 2d 98,1989 U.S. LEXIS 2027,1988,1603,Rehnquist,88-32,MASSACHUSETTS v. MORASH,2/21/1989,,28,26,151,,1,,,0,300,26,300,26,0,3,,1,1,4,0,1,0,0,80090,8,2,0,4,,3,323,,103,102,1,9,0,106,AMKennedy,1,1,2,2,,
1988-074,1988-074-01,1988-074-01-01,1988-074-01-01-01-01,4/18/1989,1,490 U.S. 122,109 S. Ct. 1676,104 L. Ed. 2d 113,1989 U.S. LEXIS 2026,1988,1603,Rehnquist,87-1055,"CHAN et al. v. KOREAN AIR LINES, LTD.",12/7/1988,,208,,104,,1,,,0,55,,32,,0,2,2,1,1,2,0,0,0,0,80070,8,1,0,4,,5,509,,105,102,1,9,0,98,TMarshall,4,1,1,2,92,
1988-074,1988-074-01,1988-074-01-01,1988-074-01-01-01-02,4/18/1989,1,490 U.S. 122,109 S. Ct. 1676,104 L. Ed. 2d 113,1989 U.S. LEXIS 2026,1988,1603,Rehnquist,87-1055,"CHAN et al. v. KOREAN AIR LINES, LTD.",12/7/1988,,208,,104,,1,,,0,55,,32,,0,2,2,1,1,2,0,0,0,0,80070,8,1,0,4,,5,509,,105,102,1,9,0,92,WJBrennan,4,2,1,2,,
1988-074,1988-074-01,1988-074-01-01,1988-074-01-01-01-03,4/18/1989,1,490 U.S. 122,109 S. Ct. 1676,104 L. Ed. 2d 113,1989 U.S. LEXIS 2026,1988,1603,Rehnquist,87-1055,"CHAN et al. v. KOREAN AIR LINES, LTD.",12/7/1988,,208,,104,,1,,,0,55,,32,,0,2,2,1,1,2,0,0,0,0,80070,8,1,0,4,,5,509,,105,102,1,9,0,95,BRWhite,1,1,1,2,,
1988-074,1988-074-01,1988-074-01-01,1988-074-01-01-01-04,4/18/1989,1,490 U.S. 122,109 S. Ct. 1676,104 L. Ed. 2d 113,1989 U.S. LEXIS 2026,1988,1603,Rehnquist,87-1055,"CHAN et al. v. KOREAN AIR LINES, LTD.",12/7/1988,,208,,104,,1,,,0,55,,32,,0,2,2,1,1,2,0,0,0,0,80070,8,1,0,4,,5,509,,105,102,1,9,0,100,HABlackmun,4,1,1,2,92,
1988-074,1988-074-01,1988-074-01-01,1988-074-01-01-01-05,4/18/1989,1,490 U.S. 122,109 S. Ct. 1676,104 L. Ed. 2d 113,1989 U.S. LEXIS 2026,1988,1603,Rehnquist,87-1055,"CHAN et al. v. KOREAN AIR LINES, LTD.",12/7/1988,,208,,104,,1,,,0,55,,32,,0,2,2,1,1,2,0,0,0,0,80070,8,1,0,4,,5,509,,105,102,1,9,0,102,WHRehnquist,1,1,1,2,,
1988-074,1988-074-01,1988-074-01-01,1988-074-01-01-01-06,4/18/1989,1,490 U.S. 122,109 S. Ct. 1676,104 L. Ed. 2d 113,1989 U.S. LEXIS 2026,1988,1603,Rehnquist,87-1055,"CHAN et al. v. KOREAN AIR LINES, LTD.",12/7/1988,,208,,104,,1,,,0,55,,32,,0,2,2,1,1,2,0,0,0,0,80070,8,1,0,4,,5,509,,105,102,1,9,0,103,JPStevens,4,1,1,2,92,
1988-074,1988-074-01,1988-074-01-01,1988-074-01-01-01-07,4/18/1989,1,490 U.S. 122,109 S. Ct. 1676,104 L. Ed. 2d 113,1989 U.S. LEXIS 2026,1988,1603,Rehnquist,87-1055,"CHAN et al. v. KOREAN AIR LINES, LTD.",12/7/1988,,208,,104,,1,,,0,55,,32,,0,2,2,1,1,2,0,0,0,0,80070,8,1,0,4,,5,509,,105,102,1,9,0,104,SDOConnor,1,1,1,2,,
1988-074,1988-074-01,1988-074-01-01,1988-074-01-01-01-08,4/18/1989,1,490 U.S. 122,109 S. Ct. 1676,104 L. Ed. 2d 113,1989 U.S. LEXIS 2026,1988,1603,Rehnquist,87-1055,"CHAN et al. v. KOREAN AIR LINES, LTD.",12/7/1988,,208,,104,,1,,,0,55,,32,,0,2,2,1,1,2,0,0,0,0,80070,8,1,0,4,,5,509,,105,102,1,9,0,105,AScalia,1,2,1,2,,
1988-074,1988-074-01,1988-074-01-01,1988-074-01-01-01-09,4/18/1989,1,490 U.S. 122,109 S. Ct. 1676,104 L. Ed. 2d 113,1989 U.S. LEXIS 2026,1988,1603,Rehnquist,87-1055,"CHAN et al. v. KOREAN AIR LINES, LTD.",12/7/1988,,208,,104,,1,,,0,55,,32,,0,2,2,1,1,2,0,0,0,0,80070,8,1,0,4,,5,509,,105,102,1,9,0,106,AMKennedy,1,1,1,2,,
1988-075,1988-075-01,1988-075-01-01,1988-075-01-01-01-01,4/18/1989,6,490 U.S. 153,109 S. Ct. 1693,104 L. Ed. 2d 139,1989 U.S. LEXIS 2025,1988,1603,Rehnquist,87-2127,"AMERICAN FOREIGN SERVICE ASSOCIATION et al. v. GARFINKEL, DIRECTOR, INFORMATION SECURITY OVERSIGHT OFFICE, et al.",3/20/1989,,8,60,370,,2,70,,0,55,,55,,0,1,,2,1,5,0,1,0,0,90130,9,1,0,1,,1,139,,,102,1,9,0,98,TMarshall,1,1,1,2,,
1988-075,1988-075-01,1988-075-01-01,1988-075-01-01-01-02,4/18/1989,6,490 U.S. 153,109 S. Ct. 1693,104 L. Ed. 2d 139,1989 U.S. LEXIS 2025,1988,1603,Rehnquist,87-2127,"AMERICAN FOREIGN SERVICE ASSOCIATION et al. v. GARFINKEL, DIRECTOR, INFORMATION SECURITY OVERSIGHT OFFICE, et al.",3/20/1989,,8,60,370,,2,70,,0,55,,55,,0,1,,2,1,5,0,1,0,0,90130,9,1,0,1,,1,139,,,102,1,9,0,92,WJBrennan,1,1,1,2,,
1988-075,1988-075-01,1988-075-01-01,1988-075-01-01-01-03,4/18/1989,6,490 U.S. 153,109 S. Ct. 1693,104 L. Ed. 2d 139,1989 U.S. LEXIS 2025,1988,1603,Rehnquist,87-2127,"AMERICAN FOREIGN SERVICE ASSOCIATION et al. v. GARFINKEL, DIRECTOR, INFORMATION SECURITY OVERSIGHT OFFICE, et al.",3/20/1989,,8,60,370,,2,70,,0,55,,55,,0,1,,2,1,5,0,1,0,0,90130,9,1,0,1,,1,139,,,102,1,9,0,95,BRWhite,1,1,1,2,,
1988-075,1988-075-01,1988-075-01-01,1988-075-01-01-01-04,4/18/1989,6,490 U.S. 153,109 S. Ct. 1693,104 L. Ed. 2d 139,1989 U.S. LEXIS 2025,1988,1603,Rehnquist,87-2127,"AMERICAN FOREIGN SERVICE ASSOCIATION et al. v. GARFINKEL, DIRECTOR, INFORMATION SECURITY OVERSIGHT OFFICE, et al.",3/20/1989,,8,60,370,,2,70,,0,55,,55,,0,1,,2,1,5,0,1,0,0,90130,9,1,0,1,,1,139,,,102,1,9,0,100,HABlackmun,1,1,1,2,,
1988-075,1988-075-01,1988-075-01-01,1988-075-01-01-01-05,4/18/1989,6,490 U.S. 153,109 S. Ct. 1693,104 L. Ed. 2d 139,1989 U.S. LEXIS 2025,1988,1603,Rehnquist,87-2127,"AMERICAN FOREIGN SERVICE ASSOCIATION et al. v. GARFINKEL, DIRECTOR, INFORMATION SECURITY OVERSIGHT OFFICE, et al.",3/20/1989,,8,60,370,,2,70,,0,55,,55,,0,1,,2,1,5,0,1,0,0,90130,9,1,0,1,,1,139,,,102,1,9,0,102,WHRehnquist,1,1,1,2,,
1988-075,1988-075-01,1988-075-01-01,1988-075-01-01-01-06,4/18/1989,6,490 U.S. 153,109 S. Ct. 1693,104 L. Ed. 2d 139,1989 U.S. LEXIS 2025,1988,1603,Rehnquist,87-2127,"AMERICAN FOREIGN SERVICE ASSOCIATION et al. v. GARFINKEL, DIRECTOR, INFORMATION SECURITY OVERSIGHT OFFICE, et al.",3/20/1989,,8,60,370,,2,70,,0,55,,55,,0,1,,2,1,5,0,1,0,0,90130,9,1,0,1,,1,139,,,102,1,9,0,103,JPStevens,1,1,1,2,,
1988-075,1988-075-01,1988-075-01-01,1988-075-01-01-01-07,4/18/1989,6,490 U.S. 153,109 S. Ct. 1693,104 L. Ed. 2d 139,1989 U.S. LEXIS 2025,1988,1603,Rehnquist,87-2127,"AMERICAN FOREIGN SERVICE ASSOCIATION et al. v. GARFINKEL, DIRECTOR, INFORMATION SECURITY OVERSIGHT OFFICE, et al.",3/20/1989,,8,60,370,,2,70,,0,55,,55,,0,1,,2,1,5,0,1,0,0,90130,9,1,0,1,,1,139,,,102,1,9,0,104,SDOConnor,1,1,1,2,,
1988-075,1988-075-01,1988-075-01-01,1988-075-01-01-01-08,4/18/1989,6,490 U.S. 153,109 S. Ct. 1693,104 L. Ed. 2d 139,1989 U.S. LEXIS 2025,1988,1603,Rehnquist,87-2127,"AMERICAN FOREIGN SERVICE ASSOCIATION et al. v. GARFINKEL, DIRECTOR, INFORMATION SECURITY OVERSIGHT OFFICE, et al.",3/20/1989,,8,60,370,,2,70,,0,55,,55,,0,1,,2,1,5,0,1,0,0,90130,9,1,0,1,,1,139,,,102,1,9,0,105,AScalia,1,1,1,2,,
1988-075,1988-075-01,1988-075-01-01,1988-075-01-01-01-09,4/18/1989,6,490 U.S. 153,109 S. Ct. 1693,104 L. Ed. 2d 139,1989 U.S. LEXIS 2025,1988,1603,Rehnquist,87-2127,"AMERICAN FOREIGN SERVICE ASSOCIATION et al. v. GARFINKEL, DIRECTOR, INFORMATION SECURITY OVERSIGHT OFFICE, et al.",3/20/1989,,8,60,370,,2,70,,0,55,,55,,0,1,,2,1,5,0,1,0,0,90130,9,1,0,1,,1,139,,,102,1,9,0,106,AMKennedy,1,1,1,2,,
1988-076,1988-076-01,1988-076-01-01,1988-076-01-01-01-01,4/25/1989,1,490 U.S. 163,109 S. Ct. 1698,104 L. Ed. 2d 209,1989 U.S. LEXIS 2133,1988,1603,Rehnquist,87-1327,COTTON PETROLEUM CORP. et al. v. NEW MEXICO et al.,11/30/1988,,198,,28,36,2,,,0,302,36,301,36,0,1,2,1,1,2,0,0,0,0,20160,2,1,0,4,,6,600,25 U.S.C. § 396,103,102,1,6,3,98,TMarshall,2,1,2,1,100,
1988-076,1988-076-01,1988-076-01-01,1988-076-01-01-01-02,4/25/1989,1,490 U.S. 163,109 S. Ct. 1698,104 L. Ed. 2d 209,1989 U.S. LEXIS 2133,1988,1603,Rehnquist,87-1327,COTTON PETROLEUM CORP. et al. v. NEW MEXICO et al.,11/30/1988,,198,,28,36,2,,,0,302,36,301,36,0,1,2,1,1,2,0,0,0,0,20160,2,1,0,4,,6,600,25 U.S.C. § 396,103,102,1,6,3,92,WJBrennan,2,1,2,1,100,
1988-076,1988-076-01,1988-076-01-01,1988-076-01-01-01-03,4/25/1989,1,490 U.S. 163,109 S. Ct. 1698,104 L. Ed. 2d 209,1989 U.S. LEXIS 2133,1988,1603,Rehnquist,87-1327,COTTON PETROLEUM CORP. et al. v. NEW MEXICO et al.,11/30/1988,,198,,28,36,2,,,0,302,36,301,36,0,1,2,1,1,2,0,0,0,0,20160,2,1,0,4,,6,600,25 U.S.C. § 396,103,102,1,6,3,95,BRWhite,1,1,1,2,,
1988-076,1988-076-01,1988-076-01-01,1988-076-01-01-01-04,4/25/1989,1,490 U.S. 163,109 S. Ct. 1698,104 L. Ed. 2d 209,1989 U.S. LEXIS 2133,1988,1603,Rehnquist,87-1327,COTTON PETROLEUM CORP. et al. v. NEW MEXICO et al.,11/30/1988,,198,,28,36,2,,,0,302,36,301,36,0,1,2,1,1,2,0,0,0,0,20160,2,1,0,4,,6,600,25 U.S.C. § 396,103,102,1,6,3,100,HABlackmun,2,2,2,1,,
1988-076,1988-076-01,1988-076-01-01,1988-076-01-01-01-05,4/25/1989,1,490 U.S. 163,109 S. Ct. 1698,104 L. Ed. 2d 209,1989 U.S. LEXIS 2133,1988,1603,Rehnquist,87-1327,COTTON PETROLEUM CORP. et al. v. NEW MEXICO et al.,11/30/1988,,198,,28,36,2,,,0,302,36,301,36,0,1,2,1,1,2,0,0,0,0,20160,2,1,0,4,,6,600,25 U.S.C. § 396,103,102,1,6,3,102,WHRehnquist,1,1,1,2,,
1988-076,1988-076-01,1988-076-01-01,1988-076-01-01-01-06,4/25/1989,1,490 U.S. 163,109 S. Ct. 1698,104 L. Ed. 2d 209,1989 U.S. LEXIS 2133,1988,1603,Rehnquist,87-1327,COTTON PETROLEUM CORP. et al. v. NEW MEXICO et al.,11/30/1988,,198,,28,36,2,,,0,302,36,301,36,0,1,2,1,1,2,0,0,0,0,20160,2,1,0,4,,6,600,25 U.S.C. § 396,103,102,1,6,3,103,JPStevens,1,2,1,2,,
1988-076,1988-076-01,1988-076-01-01,1988-076-01-01-01-07,4/25/1989,1,490 U.S. 163,109 S. Ct. 1698,104 L. Ed. 2d 209,1989 U.S. LEXIS 2133,1988,1603,Rehnquist,87-1327,COTTON PETROLEUM CORP. et al. v. NEW MEXICO et al.,11/30/1988,,198,,28,36,2,,,0,302,36,301,36,0,1,2,1,1,2,0,0,0,0,20160,2,1,0,4,,6,600,25 U.S.C. § 396,103,102,1,6,3,104,SDOConnor,1,1,1,2,,
1988-076,1988-076-01,1988-076-01-01,1988-076-01-01-01-08,4/25/1989,1,490 U.S. 163,109 S. Ct. 1698,104 L. Ed. 2d 209,1989 U.S. LEXIS 2133,1988,1603,Rehnquist,87-1327,COTTON PETROLEUM CORP. et al. v. NEW MEXICO et al.,11/30/1988,,198,,28,36,2,,,0,302,36,301,36,0,1,2,1,1,2,0,0,0,0,20160,2,1,0,4,,6,600,25 U.S.C. § 396,103,102,1,6,3,105,AScalia,1,1,1,2,,
1988-076,1988-076-01,1988-076-01-01,1988-076-01-01-01-09,4/25/1989,1,490 U.S. 163,109 S. Ct. 1698,104 L. Ed. 2d 209,1989 U.S. LEXIS 2133,1988,1603,Rehnquist,87-1327,COTTON PETROLEUM CORP. et al. v. NEW MEXICO et al.,11/30/1988,,198,,28,36,2,,,0,302,36,301,36,0,1,2,1,1,2,0,0,0,0,20160,2,1,0,4,,6,600,25 U.S.C. § 396,103,102,1,6,3,106,AMKennedy,1,1,1,2,,
